post_id,comment_id,parent_id,depth,author,score,created,sentiment,sentiment_compound,body
t3_1td1psj,t1_ols1lip,,0,After-Ad-2010,394,2026-05-14,positive,0.599,The ufc is the McDonald's of mma lmao
t3_1td1psj,t1_ols1pxl,t1_ols1lip,1,NormanJohn1,145,2026-05-14,positive,0.34,"Agreed UFC is mcdonalds, this is like a street vendor with no permits that doesn't wash their hands"
t3_1td1psj,t1_ols1xlg,t1_ols1pxl,2,theyb10,44,2026-05-14,positive,0.459,That would mean it’s an improvement. We shall see.
t3_1td1psj,t1_ols345c,t1_ols1xlg,3,Duinuogwuin14,5,2026-05-14,neutral,0.0,That would mean it gives you the runs. To each their own.
t3_1td1psj,t1_ols8xyz,t1_ols345c,4,hooksweeper,8,2026-05-14,positive,0.459,yeah a run at the title - see you at the top
t3_1td1psj,t1_ols3t8b,t1_ols345c,4,RedactedAsFugg,5,2026-05-14,neutral,0.0,Street burrito &gt;
t3_1td1psj,t1_ols51j1,t1_ols345c,4,MidwestWanderer90,3,2026-05-14,positive,0.572,Give me the runs and those delicious street tacos any day
t3_1td1psj,t1_ols9ifz,t1_ols345c,4,tydye29,3,2026-05-14,positive,0.47,So does mcdonalds lol.
t3_1td1psj,t1_olsgsug,t1_ols345c,4,broncosandwrestling,1,2026-05-14,positive,0.681,If there's one part of an MMA fan I trust it's the colon. Not gonna count on anybody's brain
t3_1td1psj,t1_olsqwns,t1_ols1xlg,3,Nice_Dude,0,2026-05-14,positive,0.38,The McDonald's paradox: Everybody says they hate it but it's one of the most popular fast food chains. Some y'all in denial about eating at McDonald's
t3_1td1psj,t1_ols4c45,t1_ols1pxl,2,hockeynomics_,15,2026-05-14,negative,-0.542,"Slop fights in an empty warehouse, they’re closer to the Mattress Firm of MMA"
t3_1td1psj,t1_ols5wqw,t1_ols1pxl,2,Zofobread,6,2026-05-14,negative,-0.421,"If the UFC is McDonald's this MVP card is like a late night visit to Waffle House, but with fewer fights"
t3_1td1psj,t1_ols8wk3,t1_ols5wqw,3,CARL__CARMONI,2,2026-05-14,positive,0.361,"I feel like Jorge Masvidal’s bareknuckle MMA promotion is the Waffle House of MMA, perhaps even the IHOP of MMA"
t3_1td1psj,t1_olsgor7,t1_ols5wqw,3,PTMorte,0,2026-05-14,negative,-0.296,No one outside of the US knows what a waffle or a waffle house is. Even (or especially) Belgians.
t3_1td1psj,t1_ols76ed,t1_ols1pxl,2,tedkaczynski660,1,2026-05-14,positive,0.202,"Ah reminds me of Mexico. Some of the best food I've ever had, just dont think about health violations"
t3_1td1psj,t1_ols2cmy,t1_ols1lip,1,ThreeOlivesChihuahua,10,2026-05-14,negative,-0.557,shit than what’s the high dining of MMA?
t3_1td1psj,t1_ols3dap,t1_ols2cmy,2,Relevant_Quail351,32,2026-05-14,positive,0.34,Pride FC
t3_1td1psj,t1_ols9zxx,t1_ols3dap,3,Prudent_Fish1358,2,2026-05-14,positive,0.25,Ufc pre-Conor was alright.
t3_1td1psj,t1_ols3azu,t1_ols2cmy,2,phd2k1,15,2026-05-14,positive,0.34,Pride
t3_1td1psj,t1_ols5epd,t1_ols3azu,3,jedlucid,7,2026-05-14,positive,0.17,never forget what they took from us
t3_1td1psj,t1_ols5re4,t1_ols3azu,3,ThreeOlivesChihuahua,-11,2026-05-14,positive,0.814,because of the production? the UFC at this point has had so many more high level fighters and great match ups compared to Pride that I’ll take UFC over Pride all day
t3_1td1psj,t1_ols3cdd,t1_ols2cmy,2,After-Ad-2010,7,2026-05-14,neutral,0.0,There is none. The UFC could be that they just chose not to
t3_1td1psj,t1_ols3d4p,t1_ols2cmy,2,Maxiuss456,7,2026-05-14,negative,-0.735,regional amateur Uzbekistani bouts bro 🔥🔥🔥
t3_1td1psj,t1_ols3mux,t1_ols2cmy,2,Duinuogwuin14,2,2026-05-14,positive,0.318,Well matched championship fights when you can witness the art in mixed martial arts.
t3_1td1psj,t1_ols4oin,t1_ols2cmy,2,Resident_Style_825,2,2026-05-14,neutral,0.0,streetbeefs
t3_1td1psj,t1_olsmzqk,t1_ols4oin,3,phd2k1,1,2026-05-14,positive,0.7,"Street beefs is like eating food out of a trash can. Some of it is still good, but you have to shoo away the flies, and there’s already a bite taken out of that sandwich. 😂"
t3_1td1psj,t1_olsduti,t1_ols2cmy,2,Jon-Umber,1,2026-05-14,neutral,0.0,Early 2000s Shooto
t3_1td1psj,t1_olsgcjt,t1_ols2cmy,2,broncosandwrestling,1,2026-05-14,positive,0.527,Watching two oily men grapple on your solid gold dining table for your personal entertainment in your Chechen mansion while you eat kaviar and extinct animals
t3_1td1psj,t1_ols3opb,t1_ols2cmy,2,bdewolf,0,2026-05-14,neutral,0.0,Boxing
t3_1td1psj,t1_ols7fkn,t1_ols1lip,1,FINIS_HOMINIS,4,2026-05-14,positive,0.402,"MVP is that local chain that tries to compete with McDonalds, promising n upscaled version of it,  that closes after a year because the owner never paid taxes, his co-investors, and then burned it down for the insurance money."
t3_1td1psj,t1_ols7xhi,t1_ols1lip,1,ZakuIII,3,2026-05-14,positive,0.192,"'Man there's no fights of consequence on this fight night. Eh, it cost me like $4, whatever.'"
t3_1td1psj,t1_ols33x0,t1_ols1lip,1,Pantysoups,2,2026-05-14,neutral,0.0,Are u saying mcdonalds is king?
t3_1td1psj,t1_olsn5wy,t1_ols1lip,1,trenlr911,1,2026-05-14,positive,0.44,If the UFC is McDonalds then the PFL is literal dumpster scraps lmfao
t3_1td1psj,t1_olsyj0c,t1_ols1lip,1,mrpopenfresh,1,2026-05-14,positive,0.361,UFC is like the Syscos of MMA now that everything has to pass through them at some point.
t3_1td1psj,t1_olsgbxw,t1_ols1lip,1,PTMorte,0,2026-05-14,negative,-0.494,"Mass produced American garbage, based on stolen IP?"
t3_1td1psj,t1_ols35qh,t1_ols1lip,1,Maxiuss456,-2,2026-05-14,positive,0.325,"that would imply that it doesn't have the best quality, which sadly for fighters and watchers alike, it does

at least when it comes to talent, entertainment wise rizin might just be up there"
t3_1td1psj,t1_olsb6r7,t1_ols35qh,2,Heebmeister,3,2026-05-14,positive,0.892,"The UFC, like McDonalds, is about consistency of product, high volume and brand recognition.  They go to great effort for every UFC event no matter where it is in the world, to feel the same.  Same production quality, same commentary, same start and end times, same pacing and etc.  They emphasize quantity of events over quality and they go to great effort to elevate their brand at all times, over the product itself."
t3_1td1psj,t1_olscz99,t1_olsb6r7,3,Maxiuss456,2,2026-05-14,neutral,0.0,What would you consider the Michelin Star restaurant of MMA?
t3_1td1psj,t1_olsdidh,t1_olscz99,4,Heebmeister,3,2026-05-14,negative,-0.292,"There is none now lol, Pride was the closest thing with how much effort they put into showmanship and how they held fewer but more stacked events."
t3_1td1psj,t1_olse5ac,t1_olsdidh,5,Maxiuss456,0,2026-05-14,positive,0.963,"Yeah, that was exactly my point lol UFC is the best as it currently stands, it's not the McDonalds because for it to be the McDonalds it would imply that the rest of the field can be better at it on some specific categories to distinguish them, but they don't. We just got diet UFC on PFL, money laundering with ONE, a fun yet lesser talented Rizin and the UFC that beats all the rest almost every time.  
  
 It's not that UFC isn't McDonalds because it's good, it's that the UFC isn't McDonalds because there isn't high dining to compare it to."
t3_1td1psj,t1_olsgqtf,t1_olse5ac,6,Heebmeister,0,2026-05-14,positive,0.966,"But McDonalds is also the best in it's industry by a mile...it's the most profitable, highly valued restaurant in the world lol"
t3_1td1psj,t1_olsnl2y,t1_olsgqtf,7,trenlr911,1,2026-05-14,positive,0.637,So you’re saying that the UFC is the best mma org by a mile.. it’s up to ONE/PFL/Rizin to step it up before anything ever changes
t3_1td1psj,t1_olsh4ut,t1_olsgqtf,7,Maxiuss456,0,2026-05-14,positive,0.66,"we just rating food over here, leave the market value to the people that run the business imo also McDonalds food sucks lol only the fries are good"
t3_1td1psj,t1_olshwld,t1_olsh4ut,8,Heebmeister,-1,2026-05-14,positive,0.947,"I'm not rating the food lmao I'm just stating facts, saying UFC can't be like McDonalds because it's the best in it's industry makes no sense, McDonalds is also the best in their industry, nobody makes more money than them selling food, nobody is more successful. Yeah UFC matchmaking and a majority of the events also suck lol."
t3_1td1psj,t1_ols545c,t1_ols1lip,1,tagillaslover,-6,2026-05-14,positive,0.44,Clown take. The ufc is still miles better than any other promition
t3_1td1psj,t1_ols5tl3,t1_ols545c,2,XiaoRCT,1,2026-05-14,negative,-0.572,"Eh, more convenient product to watch and maybe more directed towards your profile as an MMA fan depending on where you're from

In a lot of ways that 'miles better' has diminished over the years, and that's not even getting into how shit that's miles better than shit is still shit"
t3_1td1psj,t1_ols6hgd,t1_ols545c,2,_herotheycallme,1,2026-05-14,positive,0.612,the ufc has had lucky break after lucky break and used their fortune to crush other promotions
t3_1td1psj,t1_olsai1l,t1_ols6hgd,3,Huge_Engineering5228,3,2026-05-14,negative,-0.772,"It's easy to shit on the UFC, but when asked about what orgs are better everyone shits their pants and makes some dumb excuse, like yours.

Just a bunch of haters."
t3_1td1psj,t1_ols8kpq,t1_ols6hgd,3,tagillaslover,1,2026-05-14,positive,0.875,"I don’t really care. They’re still better than any other promotion. They have cards all the time, the best fighters, the biggest roster, the deepest divisions and the biggest shows except maybe rizin if they still go to the Tokyo dome idk if they do or not"
t3_1td1psj,t1_olsamcq,t1_ols545c,2,Heebmeister,1,2026-05-14,positive,0.868,McDonalds is also far more successful and profitable than any other fast food location...so sounds like the comparison really works
t3_1td1psj,t1_ols1ryv,,0,Independent-Water321,355,2026-05-14,positive,0.361,"I dunno, I've seen some good fights at McDonalds to be fair"
t3_1td1psj,t1_ols77kj,t1_ols1ryv,1,CARL__CARMONI,63,2026-05-14,negative,-0.886,"Shout out to the McDonalds on Rideau Street in Ottawa. Legendary fights and shenanigans have gone down at that place.

You don’t get the title of “World’s Worst McDonalds” randomly, you earn that shit."
t3_1td1psj,t1_ols9oo8,t1_ols77kj,2,MOIST-SHARTREUSE,13,2026-05-14,neutral,0.0,RIP that place being open overnight.
t3_1td1psj,t1_olsaep6,t1_ols9oo8,3,KelvinsBeltFantasy,7,2026-05-14,neutral,0.0,It's been gentrified by the government workers!
t3_1td1psj,t1_olsber2,t1_olsaep6,4,osrsnic,2,2026-05-14,negative,-0.402,damn rto
t3_1td1psj,t1_olsb6fe,t1_ols9oo8,3,yenmeng,1,2026-05-14,positive,0.318,My respects to the late night shift 🫡
t3_1td1psj,t1_olshmdc,t1_ols9oo8,3,CARL__CARMONI,1,2026-05-14,negative,-0.678,24 hours a day of complete chaos baby !!!
t3_1td1psj,t1_olsduot,t1_ols77kj,2,ALoveSupremeClientel,2,2026-05-14,neutral,0.0,RIP99
t3_1td1psj,t1_olsj1ss,t1_ols77kj,2,GrahamCawthorne,1,2026-05-14,neutral,0.0,Sometimes they roll out of Smoke's down to the corner and pick it up again!
t3_1td1psj,t1_olshcvw,t1_ols1ryv,1,Never-Bored3000,5,2026-05-14,negative,-0.617,Remember the one where the girl threw a milkshake at the massive female employee? And then the big girl beat her ass? And titties were out?
t3_1td1psj,t1_olshlq9,t1_ols1ryv,1,shwarma_heaven,3,2026-05-14,positive,0.44,"😂... I'm mean, they're almost on Waffle House level. (Only breakfast food joint I've ever seen an armed guard at the front door (Norfolk))"
t3_1td1psj,t1_olssfq6,t1_olshlq9,2,Prize-Childhood3631,2,2026-05-14,positive,0.382,The armed guard are to protect the customers.
t3_1td1psj,t1_olsceg8,t1_ols1ryv,1,oneiross,2,2026-05-14,neutral,0.0,"Seems to be a global experience
https://www.youtube.com/shorts/HEs8CNppo_I"
t3_1td1psj,t1_olsxlvg,t1_olsceg8,2,double_expressho,1,2026-05-14,neutral,0.0,"Try the all new [McHatchet](https://youtu.be/X2D-M4WP3Rw?si=U0RUTorhGYZAtxE5), only in NYC!"
t3_1td1psj,t1_olsm06h,t1_ols1ryv,1,dark-demons-cry-gaia,2,2026-05-14,neutral,0.0,It's the venue for half the videos on r/boxingcirclejerk
t3_1td1psj,t1_olse1n5,t1_ols1ryv,1,ALoveSupremeClientel,1,2026-05-14,neutral,0.0,The McDonald’s at Young and Dundas on a Saturday night at 3 AM is a fucking old west saloon
t3_1td1psj,t1_olsm6b4,t1_ols1ryv,1,AhnoldXP,1,2026-05-14,neutral,0.0,McDonald’s is becoming the new Waffle House.
t3_1td1psj,t1_olsm85q,t1_ols1ryv,1,halleberryhaircut,1,2026-05-14,neutral,0.0,Rock 'n Roll McDonalds
t3_1td1psj,t1_olsaqg1,t1_ols1ryv,1,NeverDrinkingIt,0,2026-05-14,positive,0.361,Lowkey agree
t3_1td1psj,t1_ols23i7,,0,ThatSeanMoore,45,2026-05-14,positive,0.941,MVP has just made a business decision that the start of their model is better putting on the ‘biggest’ fights they can not the ‘best’ fights they can. Kinda like how AEW started with Chris Jericho as champion and used the audiences interest in him to highlight their other talent.
t3_1td1psj,t1_olsqbd2,t1_ols23i7,1,RadkoGouda,3,2026-05-14,positive,0.135,"Its exactly what Paul had been doing. Why fight the best fighters, that casuals dont even know, when he can just fight more well known worse fighters that casuals know and will get better numbers.

And then get it on Netflix where everybody can watch even if they didnt even know about it?"
t3_1td1psj,t1_olsl63r,t1_ols23i7,1,Doomray,2,2026-05-14,positive,0.599,Le Champion
t3_1td1psj,t1_ols4z6w,t1_ols23i7,1,Dano4178,1,2026-05-14,positive,0.649,yeah but can MVP  sign other talent long term?
t3_1td1psj,t1_olsrrvj,t1_ols4z6w,2,SpeculationMaster,3,2026-05-14,negative,-0.052,"They obviously need to sign MVP, GSP, DC and any other acronym fighters"
t3_1td1psj,t1_olsajle,t1_ols23i7,1,FraserFir1409,-2,2026-05-14,neutral,0.0,This is the way
t3_1td1psj,t1_ols1sxz,,0,Francis_Nugaton,37,2026-05-14,positive,0.273,Who the fook is that guy and on what authority his opinion is important
t3_1td1psj,t1_ols6ftn,t1_ols1sxz,1,Few_Doubt6901,15,2026-05-14,positive,0.494,Same guy that scored a round 10-8 for Khamzat over Strickland 🤣
t3_1td1psj,t1_olsayb3,t1_ols6ftn,2,Confirmation__Bias,4,2026-05-14,negative,-0.572,"Round 1 I assume? I wouldn’t have scored it but I can see an argument if you don’t think 10-8 requires a certain amount of damage, just general dominance"
t3_1td1psj,t1_olstldm,t1_olsayb3,3,Suriranyar-,4,2026-05-14,negative,-0.144,Yeah so if you ignore the judging criteria
t3_1td1psj,t1_olsa5r7,t1_ols6ftn,2,Ibobalboa,1,2026-05-14,neutral,0.0,Now that's goofy
t3_1td1psj,t1_olsk01z,t1_ols6ftn,2,Soggy_Wotsit,0,2026-05-14,negative,-0.813,"He's had consistently the worst scoring fights for the last decade, like every scorecards he has ever out is somehow always wrong in some degree"
t3_1td1psj,t1_ols4sbf,t1_ols1sxz,1,Ibobalboa,8,2026-05-14,neutral,0.0,"He's basically one of us, but he operates out in the open."
t3_1td1psj,t1_ols5two,t1_ols4sbf,2,Francis_Nugaton,3,2026-05-14,negative,-0.659,"He ain't talking for me. While I am not super excited for this card, I think it is good to see other promotions trying to take some space in the MMA world, not just the UFC and their bullshit model. UFC feels like YouTube sometimes in that they can get away with anything, no one would object. They need to have competition so fighters with lesser name have a chance to make at least more money"
t3_1td1psj,t1_ols7mk9,t1_ols5two,3,Ibobalboa,4,2026-05-14,positive,0.593,"So he is talking for you then. You two have the same opinion. Why the hate lol.

Note that ""McDonalds of MMA"" isn't a bad thing. This card is about having a good time as he put it."
t3_1td1psj,t1_ols85k4,t1_ols7mk9,4,Francis_Nugaton,-2,2026-05-14,positive,0.45,"McDonald's is trashy if you ask me, but if he interpreted it differently then sure"
t3_1td1psj,t1_olsh3o5,t1_ols4sbf,2,broncosandwrestling,1,2026-05-14,negative,-0.077,"Boo; the only saving grace for ""us"" is the crippling shame"
t3_1td1psj,t1_ols4jsb,t1_ols1sxz,1,TangerineChickens,7,2026-05-14,neutral,0.0,"One of the journalists at MMAFighting.com, also a frequent cohost on Morning Kombat."
t3_1td1psj,t1_olsae3k,t1_ols1sxz,1,felixthewindowman,2,2026-05-14,negative,-0.494,He's a complete moron
t3_1td1psj,t1_ols26pj,t1_ols1sxz,1,YoghurtSea4339,-2,2026-05-14,positive,0.599,Lmao. Opinions arent allowed nowadays it seem
t3_1td1psj,t1_ols3w5t,t1_ols26pj,2,Francis_Nugaton,4,2026-05-14,neutral,0.0,Are your jeed meshes
t3_1td1psj,t1_olskvqb,t1_ols3w5t,3,YoghurtSea4339,1,2026-05-14,negative,-0.723,No but as someone who has plenty of dumb opinions I stand by the right to have them
t3_1td1psj,t1_ols3a51,,0,NotTakenGreatName,32,2026-05-14,positive,0.4,"If he means that it's not premium, not something you want to consume that often, but can be enjoyable...then yeah I bet that will be the case."
t3_1td1psj,t1_olsdtlo,t1_ols3a51,1,HorribleTie,9,2026-05-14,negative,-0.728,"The appeal (and success) of McDonalds is largely because it's incredibly consistent and easy to access (they are everywhere and they're relatively low cost).

It's a really shit analogy, he was just trying to say it's shit quality compared to ""premium"" brands like the UFC. But the UFC is really inconsistent and shit quality for years now, so the analogy doesn't work. 

There aren't any premium MMA promotions right now because the UFC has a stranglehold on the industry and are currently in the ""extract all value"" phase of their business lifecycle. The UFC has to fail and be carved up and sold off before there can be any meaningful recovery in the industry."
t3_1td1psj,t1_olsvijc,t1_olsdtlo,2,D_Dubb_,2,2026-05-14,positive,0.936,"Yeah, McDonalds is one of the most successful food chains on the globe, if not the single most successful.. like yeah we agree the food quality is garbage, but they have also been wildly successful, when I got my business degree we did case studies in McDonald’s in several different classes (international marketing, supply chain management, and hospitalities)"
t3_1td1psj,t1_olsbjkc,t1_ols3a51,1,Basilbitch,0,2026-05-14,negative,-0.82,"Exactly... i am the definition of casual at best. I don't have cable and I don't care enough to pay for ppv. I can see the highlights the next day, no issues. 

If it were something I could just watch, without hassle I would. All those ads would be seen by me and might sway me in one way or another but the current model in Canada (fuck you if you have Paramount, USA USA) is Sportsnet or TSN or whatever and I'm just not arsed enough to seek this shit out. 

I will watch what is easiest and will through that be advertised to accordingly."
t3_1td1psj,t1_ols2fw9,,0,jm0127,11,2026-05-14,neutral,0.0,"Sir, this is a Wendy’s"
t3_1td1psj,t1_ols26rh,,0,whocaresbro56,10,2026-05-14,neutral,0.0,Its the Arby's of MMA
t3_1td1psj,t1_ols3yq8,t1_ols26rh,1,vadillovzopeshilov,6,2026-05-14,neutral,0.0,Where my curly fries be at?
t3_1td1psj,t1_olsgxe7,t1_ols26rh,1,PTMorte,-2,2026-05-14,neutral,0.0,Never heard of that brand.
t3_1td1psj,t1_ols6xrh,,0,Financial-Length5587,7,2026-05-14,positive,0.459,Idc I’m just glad another alternative to the UFC is popping up. Even if it’s an event or two a year 🤷🏽‍♂️
t3_1td1psj,t1_ols5p86,,0,mrtn17,4,2026-05-14,positive,0.719,"haha nice comparison. I like fancy food, but I also like chicken nuggets. I'll watch MVP, but dont take it very serious"
t3_1td1psj,t1_ols1tkd,,0,Important-Map-6170,4,2026-05-14,negative,-0.664,"so dumb of a comment, another person who is obsessed with the UFC, you need real competition, look at pro wrestling how shitty it was before AEW came, you need the compeition, to me rizin is a better product then the UFC, but it will never be huge in the USA, in japan rizin blow it away"
t3_1td1psj,t1_ols67aw,t1_ols1tkd,1,YourHurtingMeSir17,1,2026-05-14,positive,0.779,"MMA's AEW won't happen, nobody alive (let alone anybody alive with an endless supply of money) loves MMA as much as Tony Khan loves wrestling"
t3_1td1psj,t1_ols74k8,t1_ols67aw,2,Important-Map-6170,1,2026-05-14,positive,0.982,"scott coker does, i hope he returns soon. Sakikibara does, but doesnt have the money the UFC does, but i hope scott coker reutrns to promoting big time mma. Bellator downfall was not scott cokers fault it was viacom now paramount, scott didnt control the money, they messed up by shutting down spike tv, i remember at one point bellator mma was going to be renamed spike mma, they (spike tv) had great ratigs, they changed the name because of current culture, the network was to dedicated to males, then they swtiched to cbs sports, then showtime, 15 years ago showtime would have been great hbo and showtime had great numbers, then when ratings got low, paramount did not want to invest in bellator, they could have in reality been bigger then the ufc, paramount did not want to invest in bellator, scott tried his best with a shitty budget. the only time bellator made money was when they went to dazn, then covid happend and they got cancelled of the network."
t3_1td1psj,t1_olsda93,t1_ols67aw,2,Deserterdragon,1,2026-05-14,positive,0.178,"MMA is significantly cooler with billionaires than Wrestling has been, there have been multiple billionaire backed competition promotions. What nobody has are enough outside stars or methods to produce outside stars that a well booked wrestling promotion had in 2019. Even the UFC doesn't really have any stars anymore, it's a genuinely tough industry to change."
t3_1td1psj,t1_olsf8m4,t1_ols1tkd,1,Severe-Text-7287,1,2026-05-14,positive,0.637,Best days of pro wrestling was when they had all the territories.
t3_1td1psj,t1_ols2wtg,,0,Turd_Nuggit,4,2026-05-14,neutral,0.0,This is the Temu of MMA.
t3_1td1psj,t1_ols3fh2,,0,oldlinepnwshine,4,2026-05-14,negative,-0.273,"It’s the GFL with a budget. 

However, the budget is for one show. 

At best, this outfit might hold 1-2 big cards a year. But it’s not competition or a long term thing. 

MMA isn’t that lucrative outside the UFC. We’ve seen too many companies bleed money for decades, and eventually die out. They build a business on initial headlines and big-ish names; they don’t build a long term profitable business.

Even the Yakuza eventually pulls out, until they get bored again and want to fund another company."
t3_1td1psj,t1_olsc6dc,t1_ols3fh2,1,Davemeddlehed,1,2026-05-14,negative,-0.527,"The Yakuza aren't in mma for the money it generates on its own so much as the money it can generate from fight fixing and therefore gambling, as well as any sponsors they can squeeze or inline connections within the government(regulatory officials and all that).

MMA is just a vehicle for dirty money to get around for those guys."
t3_1td1psj,t1_ols6ewe,,0,CheapChallenge,3,2026-05-14,negative,-0.178,"Overpriced, disappointing garbage, that sounds like UFC"
t3_1td1psj,t1_olsedci,,0,EY_UP_STEVE,2,2026-05-14,negative,-0.305,"They may not be at their best, but I'm very intrigued with some of the fights on this card!"
t3_1td1psj,t1_olsfguu,,0,Bright-Molasses-8017,2,2026-05-14,negative,-0.511,Better than some of the dog shit fight nights we’ve seen recently
t3_1td1psj,t1_olsjl8g,t1_olsfguu,1,PTMorte,0,2026-05-14,positive,0.271,"The paramount deal was the nail in the coffin of the sport for Aussie and Kiwi fans. The UFC just uses leftovers to fill our cards now. They already were guaranteed 5m cash per event by the WA and NSW state govs. And now the UFC has a guaranteed take on top of that from paramount to air those 2 slots per year. 


And from a NZ perspective... the UFC hasn't visited in 6.5 years! Why would they, when Australian state govs can make bigger cash bribes/payments per event."
t3_1td1psj,t1_olssl73,,0,DannyStress,2,2026-05-14,neutral,0.0,The apex is the McDonalds. Cheapish. Garbage quality. Overrated.
t3_1td1psj,t1_ols20ed,,0,Gingaloidic,1,2026-05-14,neutral,0.0,This card is the coke that’s left in the cracks in the table of MMA.
t3_1td1psj,t1_ols286m,,0,fredmasta,1,2026-05-14,positive,0.63,"I like McDonald once or twice a year. UFC my go to but ill watch this, it will be entertaining im sure !"
t3_1td1psj,t1_ols2gka,,0,faux_italian,1,2026-05-14,negative,-0.09,Rowdy Rhonda doing her best impression of WWE style marketing and promotion. It’ll do numbers but a Tyson fight it is not.
t3_1td1psj,t1_ols2h3k,,0,YoghurtSea4339,1,2026-05-14,positive,0.608,The paragraph is far less offensive than the headline. Hes not totally wrong either. I look forward to an entire thread of people reacting to the headline though lmao
t3_1td1psj,t1_ols2kzr,,0,AverageGatsby91,1,2026-05-14,positive,0.128,Terrible Headline based on an out of context quote that in its entirety gives positive feedback to mvp
t3_1td1psj,t1_ols2li9,,0,FireProStan,1,2026-05-14,negative,-0.511,Jed Meshew seems angry that non-TKO properties exist - he's been railing against PFL on social media
t3_1td1psj,t1_ols3md7,,0,AutomaticDoor1412,1,2026-05-14,neutral,0.0,Who going to tell OP?
t3_1td1psj,t1_ols40bp,,0,HennywayOut,1,2026-05-14,neutral,0.0,Jed’s a bozo
t3_1td1psj,t1_ols499b,,0,DanArkham,1,2026-05-14,neutral,0.0,Is this a brendan schaub take??
t3_1td1psj,t1_ols4avg,,0,Mortis_XII,1,2026-05-14,negative,-0.273,This’ll be like mcdonalds vs. burgerking in the 80’s. Get your shit together ufc
t3_1td1psj,t1_olsaofo,t1_ols4avg,1,Davemeddlehed,4,2026-05-14,negative,-0.309,"Based on what? MVP doesn't have the roster and Netflix doesn't have the desire for frequent cards. This is going to be 3-5 times a year, meanwhile we're going to see about 10 or so UFC cards in the meantime. 

MVP is going to be what BKFC was early on."
t3_1td1psj,t1_ols4otv,,0,dontsendmeyourcat,1,2026-05-14,positive,0.128,UFC is maccies and contender series is the beef supply
t3_1td1psj,t1_ols4uef,,0,axhiro,1,2026-05-14,neutral,0.0,It's the MLB of MMA in USA
t3_1td1psj,t1_ols55by,,0,SoulfulHuman_,1,2026-05-14,positive,0.421,"Jed Meshew is a clown. I miss those OG MMA journalists like Luke Thomas who were actually worth listening.

I watch UFC every single week, and this will be the first card I’m skipping this year since I’d rather watch Nate, Perry, Francis, JDS, Ronda, and Gina"
t3_1td1psj,t1_ols5mqy,,0,OldMetalHead,1,2026-05-14,neutral,0.0,Does that make BKFC Waffle House?
t3_1td1psj,t1_ols68ch,,0,Responsible_Emu3601,1,2026-05-14,negative,-0.459,No this is some safety sandal shit 🩴
t3_1td1psj,t1_ols6fig,,0,Big-Load-8864,1,2026-05-14,positive,0.176,Dana would fucking love to be the McDonald’s of mma ffs
t3_1td1psj,t1_ols6iyl,,0,longislandchillpill,1,2026-05-14,positive,0.511,"Jed Meshew, the future PFL minister of fun"
t3_1td1psj,t1_ols6qlw,,0,Bap818,1,2026-05-14,positive,0.361,Nah mcdonalds can actually be enjoyable
t3_1td1psj,t1_ols72pc,,0,dan_a_white,1,2026-05-14,positive,0.868,"My concern is repeating this. You put together a really fun card, I will be watching. But what’s next qnd who is going to be sticking around?

Are they just going out to Frankenstein together the best card they can once a year? 

Are they keeping all these fighters?

Ronda is done after this right? Gina too? So is this going to make people come back?"
t3_1td1psj,t1_ols7f4s,,0,Sea-Emu-7153,1,2026-05-14,positive,0.574,"MVP is more like Little Caesars.  Stale, shitty, old and crusty, but when you’re drunk it’s fucking great"
t3_1td1psj,t1_ols7fjo,,0,Few_Doubt6901,1,2026-05-14,positive,0.392,This guys an idiot. He doesn’t even understand how to score a fight. He had khamzat winning 48-46. I can respect someone’s opinion saying khamzat won 48-47. But 48-46?
t3_1td1psj,t1_olsc2x4,t1_ols7fjo,1,AlienMantid,2,2026-05-14,negative,-0.494,"He scored round 1 a 10-8 for Khamzat, imagine scoring a 10-8 round where zero damage or submission attempts that are remotely close take place. Guy is a clown."
t3_1td1psj,t1_olsd1oi,t1_ols7fjo,1,Davemeddlehed,0,2026-05-14,negative,-0.57,"""This bozo, can you believe he scored a round wrong!? BOZO!""

This is what you come across as right now. A person who is too emotionally invested in it all."
t3_1td1psj,t1_olsr42r,t1_olsd1oi,2,Few_Doubt6901,0,2026-05-14,positive,0.185,Not emotionally invested at all actually. Just pointing out that a guy scoring a round 10-8 where no damage or sub attempts happened is more than likely a few fries short of a happy meal. Hell maybe you are too.
t3_1td1psj,t1_olssuvu,t1_olsr42r,3,Davemeddlehed,0,2026-05-14,negative,-0.637,"Acting like scoring aggression and control heavily  in a round that had a combined 3 strikes landed is some impossible concept just tells everyone you started watching MMA through Twitter scorecards. People disagreeing with you doesn't automatically make them stupid. That toddler brain mentality is exactly what I was talking about lol.

Also there were 2 sub attempts in round 1. Time to go back to counting fries, my guy."
t3_1td1psj,t1_ols7tfu,,0,NedSchneebly-1138,1,2026-05-14,negative,-0.886,"Fuck this Rotten Ronnies slander.

Call that shit what it is… Burger King."
t3_1td1psj,t1_ols89c7,,0,ISWThunder,1,2026-05-14,neutral,0.0,MVP is the Tesla Diner of MMA
t3_1td1psj,t1_ols8aik,,0,LibertasVitae,1,2026-05-14,neutral,0.0,"If it was Waffle House, it would be on PPV"
t3_1td1psj,t1_ols8lrz,,0,victorhalim111,1,2026-05-14,positive,0.494,"Idk, is the CEO willing to try his product enthusiastically?"
t3_1td1psj,t1_ols8xg5,,0,xChoke1x,1,2026-05-14,neutral,0.0,I forgot this was even a thing.
t3_1td1psj,t1_ols9vf3,,0,engagetangos,1,2026-05-14,neutral,0.0,why is logan paul in it?
t3_1td1psj,t1_olsbchn,,0,Rayn0r86,1,2026-05-14,positive,0.202,"Damn I thought you guys were dissin my goat Michael Venom Page. 

Carry on then."
t3_1td1psj,t1_olsbkq7,,0,pantherfanalex,1,2026-05-14,positive,0.459,"Me (sitting at my desk eating my McNuggies): *"".....sweet.""*"
t3_1td1psj,t1_olsbnwl,,0,ChesterM54,1,2026-05-14,negative,-0.55,"All the haters can see the door. Rhonda and Gina look to be in incredible shape. Diaz is locked the fuck in. 

Haters - you may get off on imagining yourselves as 'the only true knowledgeable' mma fans, but a lot of you are still wet behind the ears and know nothing of the sport."
t3_1td1psj,t1_olsd72y,,0,TheNinthGateLCF,1,2026-05-14,positive,0.153,"I haven't watched as much MMA in the last decade as I did in the one prior. This card looks incredible to me (if I ignore that everyone is old and terribly past their prime).


It's like someone wanted to make the best card ever in 2013."
t3_1td1psj,t1_olsdl77,,0,Captain-Cadabra,1,2026-05-14,neutral,0.0,Gina’s at Sandra bullock levels of plastic surgery 🤡
t3_1td1psj,t1_olsdq0b,,0,Best-Walrus-7057,1,2026-05-14,positive,0.262,"yeah, but sometimes you do want the fries at 1am"
t3_1td1psj,t1_olse9hp,,0,DokChango,1,2026-05-14,negative,-0.421,Rousey is ill built AF.
t3_1td50l1,t1_olssvo5,,0,NotTakenGreatName,171,2026-05-14,positive,0.361,Carano is getting thrown around like Jazzy Jeff.
t3_1td50l1,t1_olsu99l,t1_olssvo5,1,Davemeddlehed,67,2026-05-14,negative,-0.599,"Death, taxes, Ronda by armbar."
t3_1td50l1,t1_olswflq,t1_olsu99l,2,rightious,16,2026-05-14,negative,-0.649,"If she does not win by armbar in 25 seconds, you cannot convince me this fight is not staged or rigged."
t3_1td50l1,t1_olsz5br,t1_olsu99l,2,traumat1ze,1,2026-05-14,neutral,0.0,10000000% going to be how I place my bet on this event
t3_1td50l1,t1_olsvar4,t1_olssvo5,1,AhnoldXP,16,2026-05-14,positive,0.586,I’d imagine it’ll be a vintage Judo throw to armbar win for Rousey.
t3_1td50l1,t1_olsugap,,0,Camwi,106,2026-05-14,positive,0.296,"Can't stand Rousey, but goddamn her judo is still beautiful to watch."
t3_1td50l1,t1_olsv4yy,t1_olsugap,1,OGtheBest,56,2026-05-14,negative,-0.412,Which is why her fascination with a fake boxing coach made zero sense. She is an excellent judo player but worse than PAL smoker level boxer.
t3_1td50l1,t1_olsvvq7,t1_olsv4yy,2,PlutoCrashed,26,2026-05-14,negative,-0.477,"Especially because, if we take her mom's words as the truth, people in her life were absolutely telling her that the guy was a charlatan and yet for some reason she stuck by him. He also, by both his and Ronda's admission, treated her like shit and basically ignored her when she started training there, despite her already being the biggest name in WMMA. Just totally baffling."
t3_1td50l1,t1_olsxq6y,t1_olsvvq7,3,ReNitty,7,2026-05-14,neutral,0.0,Negging was big at the time
t3_1td50l1,t1_olsw2ob,t1_olsv4yy,2,ChowSupreme,7,2026-05-14,positive,0.402,"Having knowledge of her UFC and WWE careers now, her ego just wanted yes men around her and not actually being trained properly."
t3_1td50l1,t1_olsxrge,t1_olsv4yy,2,Deserterdragon,2,2026-05-14,positive,0.743,"She won a fight with her hands and fell in love with them, and Nunes and Holm shut down the judo."
t3_1td50l1,t1_olszv8l,t1_olsv4yy,2,FCSadsquatch,1,2026-05-14,neutral,0.0,I was told she could beat Floyd.
t3_1td50l1,t1_olsv0y2,t1_olsugap,1,messiovic,15,2026-05-14,positive,0.955,"You might get downvoted into oblivion but I feel the same way you do. 

The fight game evolved past her, that’s fair. But there’s no denying she was super entertaining to watch in her prime. 

Not just dominant but mma judo is also just so easy to eye."
t3_1td50l1,t1_olsyeeg,t1_olsv0y2,2,TeoSorin,3,2026-05-14,positive,0.7,There are few movements in MMA that are as entertaining to watch as a good judo throw.
t3_1td50l1,t1_olsx2cr,t1_olsugap,1,s0ngsforthedeaf,3,2026-05-14,positive,0.637,Naturally one of the best womens athletes in MMA.
t3_1td50l1,t1_olszaq8,t1_olsugap,1,ImBad1101,1,2026-05-14,positive,0.34,It’s giving Aikido tutorial vibes tbh
t3_1td50l1,t1_olstxgo,,0,Legbender,43,2026-05-14,negative,-0.315,"I cant wait to pretend I have no interest in this fight, and then watch it glued to the screen just like every other Netflix event."
t3_1td50l1,t1_olsueq9,t1_olstxgo,1,Davemeddlehed,11,2026-05-14,positive,0.077,Be the change you want to see in the world.
t3_1td50l1,t1_olszx8f,t1_olsueq9,2,TheToroReddit,1,2026-05-14,neutral,0.0,🏴‍☠️
t3_1td50l1,t1_olsthct,,0,Pneuma_LooT,30,2026-05-14,negative,-0.402,This fight is going to suck lol.
t3_1td50l1,t1_olsvwp4,t1_olsthct,1,AsianRainbow,24,2026-05-14,positive,0.502,"Feels like it’ll be a vintage Ronda performance: bum rush - hip toss - armbar. I’d be surprised if it goes longer than 2 minutes. But honestly, if I was going to this event, it’s what I’d expect and want from a Ronda fight."
t3_1td50l1,t1_olsyge7,t1_olsvwp4,2,Ok-Artichoke6793,2,2026-05-14,positive,0.522,I think they will dance around for a round or two before someone signals to Ronda that enough air time has passed and the Netflix bosses wont be pissed off it ends now
t3_1td50l1,t1_olswn7s,t1_olsvwp4,2,ZeGermanVon,1,2026-05-14,positive,0.834,"Half of me wonders if Ronda does have that early success that she might try and let up a little bit to draw the fight out more. 

Fighters probably don't do this at the highest level, but after all the build up and her calling it the two women's goats and all that, it would fall pretty flat to end in like 30 seconds"
t3_1td50l1,t1_olswr30,t1_olsthct,1,bigperms33,2,2026-05-14,positive,0.44,"Suck as in being competitive, yes, I'd agree. 

This fight will be an entertaining 2 minutes."
t3_1td50l1,t1_olsys8e,t1_olsthct,1,KelvinsBeltFantasy,2,2026-05-14,negative,-0.44,"I remember watching the highlight of Gina getting Knocked out by Cyborg on my Grandfather's deathbed.

My Grandfather has been dead a while."
t3_1td50l1,t1_olsxh6n,t1_olsthct,1,LordPeanutButter15,1,2026-05-14,positive,0.599,So are the 2 before it lmao.  I’ll still watch
t3_1td50l1,t1_olsxnr9,t1_olsthct,1,AshenSacrifice,1,2026-05-14,negative,-0.477,It won’t be worse than rose vs Carla
t3_1td50l1,t1_olsyy9l,t1_olsxnr9,2,No_You5794,1,2026-05-14,neutral,0.0,amen
t3_1td50l1,t1_olsv0yg,,0,ghoti00,32,2026-05-14,negative,-0.934,"The only open workout that ever meant a damn thing was Rocky Balboa in Rocky III who was more worried about his robot butler and fighting Thunderlips than training for a fight, while Clubber Lang was doing chin-ups on water pipes in some shitty basement. 

Other than that, no one has ever learned a thing from an open workout."
t3_1td50l1,t1_olswy3y,t1_olsv0yg,1,Fecal_Forger,5,2026-05-14,positive,0.459,Sweet Dee and Frank Reynolds did bud.
t3_1td50l1,t1_olstrj6,,0,ChakaCake,33,2026-05-14,negative,-0.625,ronda gonna destroy her lol ...think her training partner in that open workout might pose a bigger threat than gina will
t3_1td50l1,t1_olsvlu0,,0,Ghost-of-Lobov,20,2026-05-14,neutral,0.0,Cardio kickboxing class vs judo Olympics training
t3_1td50l1,t1_olsvw87,,0,SydneyCarton89,12,2026-05-14,positive,0.42,"Wow, Gina got in really good condition. Not easy to do at her age. I know Ronda's more ripped, but Ronda's an Olympian-level athlete far less removed from her athletic prime."
t3_1td50l1,t1_olswc38,,0,IlIIIllIIlIlllII,4,2026-05-14,negative,-0.869,"The leap in quality between your standard judo black belt and the elite competitions is something you would never believe until you've felt it. 

I was holding my own as a bjj black belt standing with some of the judo dans. Then I trained with a guy who made the Olympic team for Poland 20 plus years ago. I have never been so hopelessly fucked around with."
t3_1td50l1,t1_olsv9ul,,0,NormanJohn1,4,2026-05-14,neutral,0.0,Man her armbars are smoooooth
t3_1td50l1,t1_olsv96n,,0,ChowSupreme,3,2026-05-14,positive,0.637,"If this resembles anything of a competitive fight, it's a win for Gina and I say this as being a fan of hers way back."
t3_1td50l1,t1_olsya1a,t1_olsv96n,1,AshenSacrifice,1,2026-05-14,positive,0.31,How did we watch the same video and have 2 completely different takes haha. It looks like Ronda is about to do bad things to her
t3_1td50l1,t1_olsvq25,,0,Kakazam,2,2026-05-14,negative,-0.827,"If Ronda loses this fight it's actually criminal. 

Someone check Polymarket for random whale accounts betting on obscur outcomes..."
t3_1td50l1,t1_olsx4id,,0,Eastern-Opposite9521,2,2026-05-14,positive,0.867,"Of the training footage I have seen, Ronda moves so much more fluidly. Not even in terms of skills, but just in terms of  general movement. 

She hads this kind of effortless natural fluidity to her movements. It's cliche, but they're cat like. It radiates athleticism.

Gina on the otherhand moves like a regular person.

Of course, that doesn't mean that Gina can't crack her on her chin and knock her out. Still, that isn't the outcome I expect."
t3_1td50l1,t1_olsztdi,,0,judo_joel,2,2026-05-14,negative,-0.494,"I think Gina will be destroyed here. She looks old and slow, Rousey still has that explosive judo power."
t3_1td50l1,t1_olsu1bz,,0,presidentpiko,2,2026-05-14,negative,-0.735,This fight is going to suck ass lol
t3_1td50l1,t1_olsz02t,t1_olsu1bz,1,Far_Grapefruit1307,1,2026-05-14,negative,-0.052,It will be dominant and quick. If thats what you mean by suck then yes.
t3_1td50l1,t1_olsv2ei,,0,Queasy_Ad4932,1,2026-05-14,neutral,0.0,One of them will not make weight
t3_1td50l1,t1_olsvfa2,,0,Training_Bear9877,1,2026-05-14,negative,-0.153,Hopefully Rhonda closes the distance quickly and we get a clinch/throw/armbar sequence in less than 5 minutes. If it goes into the 2nd round it’s going to look ugly. A decade is a long time to be away from the sport.
t3_1td50l1,t1_olsymwm,t1_olsvfa2,1,Far_Grapefruit1307,1,2026-05-14,neutral,0.0,So is 17 years. I don't get your logic.
t3_1td50l1,t1_olsw0qj,,0,SixSixSixStrings,1,2026-05-14,positive,0.402,Ronda doesn’t like being hit though maybe her head mooment has been better but we won’t know until the bell rings.
t3_1td50l1,t1_olsw3ef,,0,YordleTop,1,2026-05-14,positive,0.494,Yeah Carano is getting arm barred in a minute. She only has a chance if she can survive the first round and start landing punches.
t3_1td50l1,t1_olswf4f,,0,horris_mctitties,1,2026-05-14,positive,0.599,Yea this is gonna be quick lmao
t3_1td50l1,t1_olswm4b,,0,PlutoCrashed,1,2026-05-14,negative,-0.19,"I'm not saying it's gonna happen, but I'm also not gonna look past the possibility of Ronda attempting to prove that she can strike because she still hasn't let go of the idea of herself as a boxer"
t3_1td50l1,t1_olswyn5,,0,Adept_Deer_5976,1,2026-05-14,neutral,0.0,Gina’s getting armed barred in the first round
t3_1td50l1,t1_olsx0pp,,0,scarykicks,1,2026-05-14,neutral,0.0,Rousey is gonna make quick work of Carano
t3_1td50l1,t1_olsxsyo,,0,Classic1990,1,2026-05-14,negative,-0.253,This feels almost as bad as Chuck v Tito 3. Carano is 44 and hasn’t fought since 2009. It’s a lose/lose for Rousey unless her ego is so frail that she will take any kind of win even if she knows people are just bullshitting her over it.
t3_1td50l1,t1_olsxwbo,,0,dko84,1,2026-05-14,neutral,0.0,over/under 0.5 rounds
t3_1td50l1,t1_olsxx4w,,0,T0ssed_Sa1ad,1,2026-05-14,negative,-0.292,"If Honda sticks to *Fathers Plan*, she takes this.

If they let her bang, bro, it could go either way.

I dont see a clear path to victory for Carano.*



*assuming none of this is predetermined"
t3_1td50l1,t1_olsy29d,,0,Kenevin,1,2026-05-14,positive,0.727,"Rousey's judo is so fucking smooth. 

Gina looks like a rich mom doing boxercise."
t3_1td50l1,t1_olsy5ez,,0,sean_cleric,1,2026-05-14,positive,0.586,One of these has amazing head movement...
t3_1td50l1,t1_olsyoae,,0,strongfavourite,1,2026-05-14,negative,-0.727,this fight is gonna be ass
t3_1td50l1,t1_olsyrrz,,0,LostRonin,1,2026-05-14,positive,0.666,"Carano has 7 wins in the octagon and hasnt fought in 17 years. She has never faced a grappler in her entire life. She has no ground game whatsoever. 


She was the pretty face of women's MMA. Cyborg mauled her and got the tko in round 1. 


No shot."
t3_1td50l1,t1_olsytz0,,0,Textsfromjohn,1,2026-05-14,negative,-0.382,This fight car should be in the bullshito sub
t3_1td50l1,t1_olsyyyf,,0,jvforlife12504,1,2026-05-14,negative,-0.435,"Havent seen a fighter lose a shadow boxing round since the last Chuck Liddell fight, but here we are with Gina."
t3_1td50l1,t1_olsz24l,,0,HotDoggityDig13,1,2026-05-14,positive,0.691,This video should be saved by anyone practicing Judo. Rousey is insanely good at it.
t3_1td50l1,t1_olszjzb,,0,Foolishly_Sane,1,2026-05-14,positive,0.818,"I want Gina to win, I hope she has some takedown defense though."
t3_1td50l1,t1_olszktt,,0,TebownedMVP,1,2026-05-14,negative,-0.44,Gina gonna be weak from all the ozempic
t3_1td50l1,t1_olsznzl,,0,Tigimon42,1,2026-05-14,neutral,0.0,Does Ronda still train with that goofy Carl Sagan looking coach?
t3_1td50l1,t1_olszswd,,0,jibran1,1,2026-05-14,positive,0.382,Love Gina but she's gonna gas out in 30 seconds and get arm bared Into shadow realm
t3_1td50l1,t1_olsvzt8,,0,st6374,0,2026-05-14,negative,-0.103,Eben if you make this a pure striking contest. Hard to see Gina not get flattened.
t3_1td50l1,t1_olswzuc,t1_olsvzt8,1,danrod17,1,2026-05-14,negative,-0.382,Pure striking Gina would most likely demolish Rhonda. Gina put up a decent fight against prime Cyborg.
t3_1td50l1,t1_olsxwc2,t1_olswzuc,2,tagillaslover,1,2026-05-14,positive,0.241,Gina hasnt fought in nearly two decades
t3_1td50l1,t1_olsy4j4,,0,IM_THE_DECOY,0,2026-05-14,positive,0.71,"Honestly, they both look A LOT better than I expected."
t3_1td50l1,t1_olsy61x,,0,cyb3rpunkd,0,2026-05-14,positive,0.493,I really hope we get a vintage rousey sub 2 min armbar
t3_1td50l1,t1_olsv3np,,0,Comfortable-Race-547,-1,2026-05-14,positive,0.551,Will Gina's menopause give her an advantage? Will Rhonda forget to use judo? I can't wait to watch these two hug when it's over
t3_1td0ruj,t1_olsin8g,,0,OrangeFilmer,69,2026-05-14,positive,0.421,Bro is sparring Thing 1 and Thing 2 from Dr Seuss lol
t3_1td0ruj,t1_olsjcxr,,0,Relevant_Election530,34,2026-05-14,negative,-0.318,Strangest leaked training video since Malik Scott had Wilder spinning pre-Zhang
t3_1td0ruj,t1_olsybnu,t1_olsjcxr,1,SuperPunchingBag,1,2026-05-14,negative,-0.361,Which he then used to lose the fight lol.
t3_1td0ruj,t1_olsjrvo,,0,bdewolf,28,2026-05-14,neutral,0.0,Usyk vs the inoue brothers when?
t3_1td0ruj,t1_olsngyg,t1_olsjrvo,1,WindpowerGuy,8,2026-05-14,negative,-0.153,When he stops ducking them..
t3_1td0ruj,t1_olsr7xb,t1_olsjrvo,1,Themanaaah,7,2026-05-14,neutral,0.0,Inoues by TKO nutshot.
t3_1td0ruj,t1_olsvz2h,t1_olsjrvo,1,llorTMasterFlex,1,2026-05-14,neutral,0.0,He would ping pong bounce their heads together in one punch for the double KO.
t3_1td0ruj,t1_olsmjpl,,0,mnemy,14,2026-05-14,negative,-0.153,Hah. I've done this as a junior. Pro needs work and no one but noobs in gym. Just aimed at keeping the pro busy and breathing heavy
t3_1td0ruj,t1_olsooyq,,0,Ok_Flow_3065,7,2026-05-14,neutral,-0.0,Safe to say Usyk is taking this about as serious as Tyson did the Francis fight.
t3_1td0ruj,t1_olssey3,,0,DrRai247,5,2026-05-14,negative,-0.778,"Damn, it’s crazy, when he goes up against the monsters in HW, he’s undersized and looks it. See him with regular sized people and damn he’s big af"
t3_1td0ruj,t1_olst93z,,0,EXsoldier777,4,2026-05-14,neutral,-0.026,Goku and Vegeta Vs. Metal Cooler 😭😁🐲
t3_1td0ruj,t1_olssvac,,0,Smoothwata117,3,2026-05-14,neutral,0.0,Ultimate punch!!
t3_1td0ruj,t1_olsy59i,,0,SuperPunchingBag,2,2026-05-14,positive,0.535,"You're all laughing now, but when Rico starts using his body duplication move, this man is prepared."
t3_1tcq38n,t1_olprw88,,0,VINDICATES-FOOL,109,2026-05-14,positive,0.954,"Key points (translation is not 100% accurate):


- Bud’s thoughts on Inoue after he reclaimed the No.1 spot on Ring Magazine’s P4P rankings: “He’s great. I think he deserves it.”


- Loved the atmosphere of Tokyo Dome during Inoue-Nakatani: “Everything was great — the entrances, the sportsmanship, the fight itself.”


- Addressed clips of him with his eyes closed ringside: “I had jet lag, but I wasn’t sleeping.”


- On Inoue potentially moving to featherweight for a 5-division title: “He has the strength, skill and talent. But in boxing, some win and some lose — we’ll see.”


- Crawford also announced plans for a Japanese venture called Crawford Production Japan, aimed at bringing American stars to Japan and helping Japanese fighters reach the world stage."
t3_1tcq38n,t1_olrrt92,,0,Marquis_of_Mollusks,59,2026-05-14,negative,-0.402,Crawford is not a casual like Boots and Usyk.
t3_1tcq38n,t1_olrthtw,t1_olrrt92,1,Less_Cartoonist_892,77,2026-05-14,positive,0.917,"He took the time to fly over to Japan to watch Inoue and Junto in action. That says it all.

Also, I think Usyk was just being playful. He likes to be a hilarious goofball to mess with people. He did personally congratulate Inoue after his win over Picasso."
t3_1tcq38n,t1_olrzya0,t1_olrthtw,2,TSpitty,21,2026-05-14,negative,-0.863,"USYK FIRED SHOTS AT INOUE! SAYS ""HE DOESN'T DESERVE P4P""  
*AI thumbnail showing Godzilla sized Usyk terrorizing Tokyo*"
t3_1tcq38n,t1_olrvaxd,t1_olrrt92,1,EjaySays,5,2026-05-14,negative,-0.318,Boots casually putting himself at the top while rematching guys like Karen Chukhadzhian and Usyk fighting once a year against guys he already beat and now he's fighting a kickboxer smh
t3_1tcq38n,t1_olsc1n8,t1_olrrt92,1,doorsofperception87,3,2026-05-14,positive,0.202,Usyk is now a casual?
t3_1tcq38n,t1_olsdyfi,t1_olsc1n8,2,Legal-Result6580,7,2026-05-14,positive,0.914,I mean you can be a great fighter and a casual fan like Beterbiev lol. Usyk rates fighters based on his relationship with them most of the time not sure if he's as casual as Beterbiev tho
t3_1tcq38n,t1_olsp6bl,t1_olsdyfi,3,doorsofperception87,4,2026-05-14,positive,0.511,"Or maybe elite boxers have preferences over what they like, which is based on their extensive experience in the same sport. Usyk has mentioned Inoue before in the same list, so if I have to jump, I'd rather jump to the conclusion that he forgot about it rather than asserting he's a 'casual'. That seems more plausible."
t3_1tcq38n,t1_olsf449,t1_olsc1n8,2,Crafty-Pair2356,5,2026-05-14,neutral,0.0,I’ve seen a clip of Usyk saying Inoue was p4p. Maybe he just forgot to include him when asked again. I know he rates Shakur highly so he probably came to mind first.
t3_1tcq38n,t1_olswky4,t1_olrrt92,1,Jumbo_Mills,3,2026-05-14,negative,-0.7,Usyk is always trolling in those top 5 shittock clips. They're dumb questions deserving of dumb answers.
t3_1tcq38n,t1_ols7khb,,0,standupguy152,41,2026-05-14,positive,0.807,"I always thought that a Japanese boxing venture that better connects the western market to j-boxing is a good move. The japanese boxers fight hard and go out on their shields. Match them up against Mexicans and Mexican-American boxers state-side and you have guaranteed fireworks.


Bud is a smart businessman who spots opportunity before others"
t3_1tcq38n,t1_olsz6dv,t1_ols7khb,1,CookingFun52,1,2026-05-14,positive,0.965,"This is genuinely smart business from Bud. I wish him the best of luck in this venture- if he's successful, us boxing fans all win"
t3_1tcq38n,t1_ols3bdj,,0,datnighatedkaczynski,11,2026-05-14,negative,-0.542,This is Bud saying sorry for falling asleep during the fight
t3_1tcq38n,t1_olsmik2,,0,GeeWhiz357,4,2026-05-14,neutral,0.0,Bud should just show up at random boxing matches around the world
t3_1tcq38n,t1_olsb9kz,,0,Vegetable-Primary-65,2,2026-05-14,neutral,0.0,Bud invited to the New Year Parade
t3_1tcq38n,t1_olsoqyw,,0,Ezekjuninor,1,2026-05-14,positive,0.361,r/boxing won’t like this
